combo,Grade,universal_sch_id,tract,school_address,school_name,obs,duration
3Wilson HS,9,463,3,"3950 Chesapeake St. NW Washington, DC 20016",Wilson HS,6,12.131945
6Wilson HS,9,463,6,"3950 Chesapeake St. NW Washington, DC 20016",Wilson HS,10,6.5227275
7.0100002Wilson HS,9,463,7.0100002,"3950 Chesapeake St. NW Washington, DC 20016",Wilson HS,10,7.7690477
8.0100002Wilson HS,9,463,8.0100002,"3950 Chesapeake St. NW Washington, DC 20016",Wilson HS,6,9.25
10.01School Without Walls HS,9,466,10.01,"2130 G St. NW Washington, DC 20037",School Without Walls HS,6,21.021053
10.01Wilson HS,9,463,10.01,"3950 Chesapeake St. NW Washington, DC 20016",Wilson HS,31,5.4929824
11Wilson HS,9,463,11,"3950 Chesapeake St. NW Washington, DC 20016",Wilson HS,14,4.1007938
12Wilson HS,9,463,12,"3950 Chesapeake St. NW Washington, DC 20016",Wilson HS,22,3.0537038
13.01Wilson HS,9,463,13.01,"3950 Chesapeake St. NW Washington, DC 20016",Wilson HS,10,4.5444446
13.02Wilson HS,9,463,13.02,"3950 Chesapeake St. NW Washington, DC 20016",Wilson HS,6,7.6999998
14.01Wilson HS,9,463,14.01,"3950 Chesapeake St. NW Washington, DC 20016",Wilson HS,11,6.0555553
14.02Wilson HS,9,463,14.02,"3950 Chesapeake St. NW Washington, DC 20016",Wilson HS,12,4.8545456
15Wilson HS,9,463,15,"3950 Chesapeake St. NW Washington, DC 20016",Wilson HS,23,8.3660917
16Wilson HS,9,463,16,"3950 Chesapeake St. NW Washington, DC 20016",Wilson HS,17,13.289855
18.030001Columbia Heights EC (CHEC),9,442,18.030001,"3101 16th St. NW Washington, DC 20010",Columbia Heights EC (CHEC),9,9.7597218
18.030001Paul PCS - International High School,9,138 222 227,18.030001,"5800 8TH STREET NW, Washington, District of Columbia 20011",Paul PCS - International High School,6,5.5805554
18.040001Cardozo EC,9,454,18.040001,"1200 Clifton St. NW Washington, DC 20009",Cardozo EC,7,15.279366
18.040001Columbia Heights EC (CHEC),9,442,18.040001,"3101 16th St. NW Washington, DC 20010",Columbia Heights EC (CHEC),17,10.962698
18.040001Paul PCS - International High School,9,138 222 227,18.040001,"5800 8TH STREET NW, Washington, District of Columbia 20011",Paul PCS - International High School,12,3.8230159
18.040001Coolidge HS,9,455,18.040001,"6315 5th St. NW Washington, DC 20011",Coolidge HS,12,4.9468255
19.01Coolidge HS,9,455,19.01,"6315 5th St. NW Washington, DC 20011",Coolidge HS,13,2.0977011
20.02Columbia Heights EC (CHEC),9,442,20.02,"3101 16th St. NW Washington, DC 20010",Columbia Heights EC (CHEC),10,8.0384617
20.02Wilson HS,9,463,20.02,"3950 Chesapeake St. NW Washington, DC 20016",Wilson HS,6,11.725
20.02Roosevelt HS @ MacFarland,9,459,20.02,"4400 Iowa Ave. NW Washington, DC 20011",Roosevelt HS @ MacFarland,9,4.26859
21.01Capital City PCS - High School,9,108 1207 159,21.01,"100 PEABODY STREET NW, Washington, District of Columbia 20011",Capital City PCS - High School,11,5.4317203
21.01Columbia Heights EC (CHEC),9,442,21.01,"3101 16th St. NW Washington, DC 20010",Columbia Heights EC (CHEC),12,10.859139
21.01Wilson HS,9,463,21.01,"3950 Chesapeake St. NW Washington, DC 20016",Wilson HS,9,12.941936
21.01Roosevelt HS @ MacFarland,9,459,21.01,"4400 Iowa Ave. NW Washington, DC 20011",Roosevelt HS @ MacFarland,27,5.9370966
21.01E.L. Haynes PCS - High School,9,116 1138 185,21.01,"4501 KANSAS AVENUE NW, Washington, District of Columbia 20011",E.L. Haynes PCS - High School,12,3.6112905
21.01Paul PCS - International High School,9,138 222 227,21.01,"5800 8TH STREET NW, Washington, District of Columbia 20011",Paul PCS - International High School,12,2.9005377
21.02Capital City PCS - High School,9,108 1207 159,21.02,"100 PEABODY STREET NW, Washington, District of Columbia 20011",Capital City PCS - High School,6,3.5161905
21.02Columbia Heights EC (CHEC),9,442,21.02,"3101 16th St. NW Washington, DC 20010",Columbia Heights EC (CHEC),12,13.22
21.02Roosevelt HS @ MacFarland,9,459,21.02,"4400 Iowa Ave. NW Washington, DC 20011",Roosevelt HS @ MacFarland,11,6.8671427
21.02Coolidge HS,9,455,21.02,"6315 5th St. NW Washington, DC 20011",Coolidge HS,9,4.6633334
22.01Roosevelt HS @ MacFarland,9,459,22.01,"4400 Iowa Ave. NW Washington, DC 20011",Roosevelt HS @ MacFarland,12,3.9286666
22.01E.L. Haynes PCS - High School,9,116 1138 185,22.01,"4501 KANSAS AVENUE NW, Washington, District of Columbia 20011",E.L. Haynes PCS - High School,8,1.744
22.01Paul PCS - International High School,9,138 222 227,22.01,"5800 8TH STREET NW, Washington, District of Columbia 20011",Paul PCS - International High School,8,5.3639998
22.02Columbia Heights EC (CHEC),9,442,22.02,"3101 16th St. NW Washington, DC 20010",Columbia Heights EC (CHEC),8,11.989682
22.02Roosevelt HS @ MacFarland,9,459,22.02,"4400 Iowa Ave. NW Washington, DC 20011",Roosevelt HS @ MacFarland,14,5.3261905
22.02Coolidge HS,9,455,22.02,"6315 5th St. NW Washington, DC 20011",Coolidge HS,7,6.9111109
24Columbia Heights EC (CHEC),9,442,24,"3101 16th St. NW Washington, DC 20010",Columbia Heights EC (CHEC),6,9.9381943
25.01Columbia Heights EC (CHEC),9,442,25.01,"3101 16th St. NW Washington, DC 20010",Columbia Heights EC (CHEC),10,6.3266668
25.01Wilson HS,9,463,25.01,"3950 Chesapeake St. NW Washington, DC 20016",Wilson HS,9,12.504444
25.01Roosevelt HS @ MacFarland,9,459,25.01,"4400 Iowa Ave. NW Washington, DC 20011",Roosevelt HS @ MacFarland,7,4.2211113
25.02Capital City PCS - High School,9,108 1207 159,25.02,"100 PEABODY STREET NW, Washington, District of Columbia 20011",Capital City PCS - High School,8,10.748148
25.02Cardozo EC,9,454,25.02,"1200 Clifton St. NW Washington, DC 20009",Cardozo EC,13,8.3555555
25.02Columbia Heights EC (CHEC),9,442,25.02,"3101 16th St. NW Washington, DC 20010",Columbia Heights EC (CHEC),17,6.8861113
25.02Wilson HS,9,463,25.02,"3950 Chesapeake St. NW Washington, DC 20016",Wilson HS,6,14.675926
25.02E.L. Haynes PCS - High School,9,116 1138 185,25.02,"4501 KANSAS AVENUE NW, Washington, District of Columbia 20011",E.L. Haynes PCS - High School,7,4.2249999
25.02Benjamin Banneker HS,9,402,25.02,"800 Euclid St. NW Washington, DC 20001",Benjamin Banneker HS,6,8.1990738
26Wilson HS,9,463,26,"3950 Chesapeake St. NW Washington, DC 20016",Wilson HS,12,9.8761902
27.01Wilson HS,9,463,27.01,"3950 Chesapeake St. NW Washington, DC 20016",Wilson HS,13,11.754545
27.02Columbia Heights EC (CHEC),9,442,27.02,"3101 16th St. NW Washington, DC 20010",Columbia Heights EC (CHEC),9,2.2541666
27.02Wilson HS,9,463,27.02,"3950 Chesapeake St. NW Washington, DC 20016",Wilson HS,14,12.39375
28.01Cardozo EC,9,454,28.01,"1200 Clifton St. NW Washington, DC 20009",Cardozo EC,7,8.6816664
28.01Columbia Heights EC (CHEC),9,442,28.01,"3101 16th St. NW Washington, DC 20010",Columbia Heights EC (CHEC),14,4.5633335
28.01Wilson HS,9,463,28.01,"3950 Chesapeake St. NW Washington, DC 20016",Wilson HS,7,13.565
28.02Cardozo EC,9,454,28.02,"1200 Clifton St. NW Washington, DC 20009",Cardozo EC,8,7.0924239
28.02Columbia Heights EC (CHEC),9,442,28.02,"3101 16th St. NW Washington, DC 20010",Columbia Heights EC (CHEC),22,3.060606
28.02E.L. Haynes PCS - High School,9,116 1138 185,28.02,"4501 KANSAS AVENUE NW, Washington, District of Columbia 20011",E.L. Haynes PCS - High School,6,9.348485
29Cardozo EC,9,454,29,"1200 Clifton St. NW Washington, DC 20009",Cardozo EC,18,6.6731482
29Columbia Heights EC (CHEC),9,442,29,"3101 16th St. NW Washington, DC 20010",Columbia Heights EC (CHEC),7,6.4888887
30Cardozo EC,9,454,30,"1200 Clifton St. NW Washington, DC 20009",Cardozo EC,10,4.4000001
31Cardozo EC,9,454,31,"1200 Clifton St. NW Washington, DC 20009",Cardozo EC,8,5.3141026
31Columbia Heights EC (CHEC),9,442,31,"3101 16th St. NW Washington, DC 20010",Columbia Heights EC (CHEC),6,6.7666669
31Cesar Chavez PCS for Public Policy - Chavez Prep,9,109 127 170,31,"770 KENYON STREET NW, Washington, District of Columbia 20010",Cesar Chavez PCS for Public Policy - Chavez Prep,8,2.7230771
32Capital City PCS - High School,9,108 1207 159,32,"100 PEABODY STREET NW, Washington, District of Columbia 20011",Capital City PCS - High School,6,10.985
32Cardozo EC,9,454,32,"1200 Clifton St. NW Washington, DC 20009",Cardozo EC,16,8.0391665
32Columbia Heights EC (CHEC),9,442,32,"3101 16th St. NW Washington, DC 20010",Columbia Heights EC (CHEC),10,9.3549995
32E.L. Haynes PCS - High School,9,116 1138 185,32,"4501 KANSAS AVENUE NW, Washington, District of Columbia 20011",E.L. Haynes PCS - High School,10,6.2133336
35Cardozo EC,9,454,35,"1200 Clifton St. NW Washington, DC 20009",Cardozo EC,11,4.0619049
36Cardozo EC,9,454,36,"1200 Clifton St. NW Washington, DC 20009",Cardozo EC,10,2.340909
37Cardozo EC,9,454,37,"1200 Clifton St. NW Washington, DC 20009",Cardozo EC,16,4.0102563
37Columbia Heights EC (CHEC),9,442,37,"3101 16th St. NW Washington, DC 20010",Columbia Heights EC (CHEC),12,4.1371794
38Wilson HS,9,463,38,"3950 Chesapeake St. NW Washington, DC 20016",Wilson HS,9,14.801852
46Dunbar HS,9,467,46,"101 N St. NW Washington, DC 20001",Dunbar HS,11,3.3545454
47.009998Dunbar HS,9,467,47.009998,"101 N St. NW Washington, DC 20001",Dunbar HS,14,4.492857
48.02Dunbar HS,9,467,48.02,"101 N St. NW Washington, DC 20001",Dunbar HS,9,3.25
50.02Cesar Chavez PCS for Public Policy - Chavez Prep,9,109 127 170,50.02,"770 KENYON STREET NW, Washington, District of Columbia 20010",Cesar Chavez PCS for Public Policy - Chavez Prep,7,11.531482
64Eastern HS,9,457,64,"1700 East Capitol St. NE Washington, DC 20003",Eastern HS,10,12.684524
64Wilson HS,9,463,64,"3950 Chesapeake St. NW Washington, DC 20016",Wilson HS,17,28.707144
68.010002Eastern HS,9,457,68.010002,"1700 East Capitol St. NE Washington, DC 20003",Eastern HS,11,1.7954545
68.019997Eastern HS,9,457,68.019997,"1700 East Capitol St. NE Washington, DC 20003",Eastern HS,13,3.4846153
71Eastern HS,9,457,71,"1700 East Capitol St. NE Washington, DC 20003",Eastern HS,18,7.382143
73.040001Anacostia HS,9,450,73.040001,"1601 16th St. SE Washington, DC 20020",Anacostia HS,8,12.14
73.040001Thurgood Marshall Academy PCS,9,146 191 240,73.040001,"2427 MARTIN LUTHER KING JR AVENUE SE, Washington, District of Columbia 20020",Thurgood Marshall Academy PCS,8,7.8141665
73.040001Ballou HS,9,452,73.040001,"3401 4th St. SE Washington, DC 20032",Ballou HS,20,5.0983334
74.010002Anacostia HS,9,450,74.010002,"1601 16th St. SE Washington, DC 20020",Anacostia HS,18,8.4433336
74.010002Thurgood Marshall Academy PCS,9,146 191 240,74.010002,"2427 MARTIN LUTHER KING JR AVENUE SE, Washington, District of Columbia 20020",Thurgood Marshall Academy PCS,7,3.3266666
74.010002Ballou HS,9,452,74.010002,"3401 4th St. SE Washington, DC 20032",Ballou HS,11,6.9349999
74.040001Eastern HS,9,457,74.040001,"1700 East Capitol St. NE Washington, DC 20003",Eastern HS,7,13.169697
74.040001Thurgood Marshall Academy PCS,9,146 191 240,74.040001,"2427 MARTIN LUTHER KING JR AVENUE SE, Washington, District of Columbia 20020",Thurgood Marshall Academy PCS,7,6.7030301
74.040001Ballou HS,9,452,74.040001,"3401 4th St. SE Washington, DC 20032",Ballou HS,14,6.973485
74.040001Friendship PCS - Technology Preparatory Middle School,9,120 1124 198,74.040001,"620 MILWAUKEE PLACE SE, Washington, District of Columbia 20032",Friendship PCS - Technology Preparatory Middle School,6,7.3636365
74.059998KIPP DC - College Preparatory Academy PCS,9,129 1123 210,74.059998,"1405 BRENTWOOD PARKWAY NE, Washington, District of Columbia 20002",KIPP DC - College Preparatory Academy PCS,14,21.200001
74.059998Anacostia HS,9,450,74.059998,"1601 16th St. SE Washington, DC 20020",Anacostia HS,22,8.1111116
74.059998Ballou HS,9,452,74.059998,"3401 4th St. SE Washington, DC 20032",Ballou HS,7,10.072222
74.059998National Collegiate Preparatory PCHS,9,163 1120 226,74.059998,"4600 LIVINGSTON ROAD SE, Washington, District of Columbia 20032",National Collegiate Preparatory PCHS,6,14.1
74.07Anacostia HS,9,450,74.07,"1601 16th St. SE Washington, DC 20020",Anacostia HS,17,6.7078433
74.07Thurgood Marshall Academy PCS,9,146 191 240,74.07,"2427 MARTIN LUTHER KING JR AVENUE SE, Washington, District of Columbia 20020",Thurgood Marshall Academy PCS,7,3.4352942
74.080002Anacostia HS,9,450,74.080002,"1601 16th St. SE Washington, DC 20020",Anacostia HS,18,8.2861109
74.080002Friendship PCS - Collegiate Academy,9,120 186 195,74.080002,"4095 MINNESOTA AVENUE NE, Washington, District of Columbia 20019",Friendship PCS - Collegiate Academy,7,14.183333
74.080002National Collegiate Preparatory PCHS,9,163 1120 226,74.080002,"4600 LIVINGSTON ROAD SE, Washington, District of Columbia 20032",National Collegiate Preparatory PCHS,6,12.665277
74.089996Anacostia HS,9,450,74.089996,"1601 16th St. SE Washington, DC 20020",Anacostia HS,10,10.502381
74.089996Ballou HS,9,452,74.089996,"3401 4th St. SE Washington, DC 20032",Ballou HS,14,7.5880952
75.019997Anacostia HS,9,450,75.019997,"1601 16th St. SE Washington, DC 20020",Anacostia HS,29,7.007143
75.019997Thurgood Marshall Academy PCS,9,146 191 240,75.019997,"2427 MARTIN LUTHER KING JR AVENUE SE, Washington, District of Columbia 20020",Thurgood Marshall Academy PCS,6,8.6750002
75.019997Ballou HS,9,452,75.019997,"3401 4th St. SE Washington, DC 20032",Ballou HS,6,9.9297619
75.019997Friendship PCS - Collegiate Academy,9,120 186 195,75.019997,"4095 MINNESOTA AVENUE NE, Washington, District of Columbia 20019",Friendship PCS - Collegiate Academy,7,14.091666
75.019997Cesar Chavez PCS for Public Policy - Capitol Hill,9,109 153 169,75.019997,"709 12TH STREET SE, Washington, District of Columbia 20003",Cesar Chavez PCS for Public Policy - Capitol Hill,6,11.809524
75.019997Richard Wright PCS for Journalism and Media Arts,9,167 3067 230,75.019997,"770 M STREET SE, Washington, District of Columbia 20003",Richard Wright PCS for Journalism and Media Arts,6,10.922619
75.019997Benjamin Banneker HS,9,402,75.019997,"800 Euclid St. NW Washington, DC 20001",Benjamin Banneker HS,6,25.988096
75.029999Anacostia HS,9,450,75.029999,"1601 16th St. SE Washington, DC 20020",Anacostia HS,18,3.9622223
75.029999Ballou HS,9,452,75.029999,"3401 4th St. SE Washington, DC 20032",Ballou HS,6,9.6077776
75.040001Anacostia HS,9,450,75.040001,"1601 16th St. SE Washington, DC 20020",Anacostia HS,24,4.272222
76.010002Anacostia HS,9,450,76.010002,"1601 16th St. SE Washington, DC 20020",Anacostia HS,19,2.2520833
76.010002Cesar Chavez PCS for Public Policy - Capitol Hill,9,109 153 169,76.010002,"709 12TH STREET SE, Washington, District of Columbia 20003",Cesar Chavez PCS for Public Policy - Capitol Hill,6,7.5635419
76.029999Anacostia HS,9,450,76.029999,"1601 16th St. SE Washington, DC 20020",Anacostia HS,6,8.9779997
76.040001Anacostia HS,9,450,76.040001,"1601 16th St. SE Washington, DC 20020",Anacostia HS,6,5.5153332
76.050003Anacostia HS,9,450,76.050003,"1601 16th St. SE Washington, DC 20020",Anacostia HS,21,2.8447917
76.050003Thurgood Marshall Academy PCS,9,146 191 240,76.050003,"2427 MARTIN LUTHER KING JR AVENUE SE, Washington, District of Columbia 20020",Thurgood Marshall Academy PCS,7,6.1083331
77.029999McKinley Technology HS,9,458,77.029999,"151 T St. NE Washington, DC 20002",McKinley Technology HS,7,20.953787
77.029999Anacostia HS,9,450,77.029999,"1601 16th St. SE Washington, DC 20020",Anacostia HS,20,10.826515
77.029999Eastern HS,9,457,77.029999,"1700 East Capitol St. NE Washington, DC 20003",Eastern HS,12,6.7265153
77.029999Cesar Chavez PCS for Public Policy - Parkside High School,9,109 109 171,77.029999,"3701 HAYES STREET NE, Washington, District of Columbia 20019",Cesar Chavez PCS for Public Policy - Parkside High School,9,10.807576
77.029999Friendship PCS - Collegiate Academy,9,120 186 195,77.029999,"4095 MINNESOTA AVENUE NE, Washington, District of Columbia 20019",Friendship PCS - Collegiate Academy,13,7.1628785
77.07KIPP DC - College Preparatory Academy PCS,9,129 1123 210,77.07,"1405 BRENTWOOD PARKWAY NE, Washington, District of Columbia 20002",KIPP DC - College Preparatory Academy PCS,9,18.870138
77.07Anacostia HS,9,450,77.07,"1601 16th St. SE Washington, DC 20020",Anacostia HS,8,12.713889
77.07Eastern HS,9,457,77.07,"1700 East Capitol St. NE Washington, DC 20003",Eastern HS,11,9.7513885
77.07Friendship PCS - Collegiate Academy,9,120 186 195,77.07,"4095 MINNESOTA AVENUE NE, Washington, District of Columbia 20019",Friendship PCS - Collegiate Academy,10,10.01875
"77.07Woodson, H.D. HS",9,464,77.07,"540 55th St. NE Washington, DC 20019","Woodson, H.D. HS",6,9.2194443
77.07Maya Angelou PCS - High School,9,133 101 221,77.07,"5600 EAST CAPITOL STREET NE, Washington, District of Columbia 20019",Maya Angelou PCS - High School,6,7.2111111
77.080002Anacostia HS,9,450,77.080002,"1601 16th St. SE Washington, DC 20020",Anacostia HS,12,8.8986111
77.080002Friendship PCS - Collegiate Academy,9,120 186 195,77.080002,"4095 MINNESOTA AVENUE NE, Washington, District of Columbia 20019",Friendship PCS - Collegiate Academy,6,6.813889
78.029999Eastern HS,9,457,78.029999,"1700 East Capitol St. NE Washington, DC 20003",Eastern HS,8,7.6709876
78.029999Friendship PCS - Collegiate Academy,9,120 186 195,78.029999,"4095 MINNESOTA AVENUE NE, Washington, District of Columbia 20019",Friendship PCS - Collegiate Academy,6,3.541358
"78.029999Woodson, H.D. HS",9,464,78.029999,"540 55th St. NE Washington, DC 20019","Woodson, H.D. HS",10,5.2382717
78.040001Friendship PCS - Collegiate Academy,9,120 186 195,78.040001,"4095 MINNESOTA AVENUE NE, Washington, District of Columbia 20019",Friendship PCS - Collegiate Academy,7,5.3625002
"78.040001Woodson, H.D. HS",9,464,78.040001,"540 55th St. NE Washington, DC 20019","Woodson, H.D. HS",18,3.2194445
78.040001Maya Angelou PCS - High School,9,133 101 221,78.040001,"5600 EAST CAPITOL STREET NE, Washington, District of Columbia 20019",Maya Angelou PCS - High School,9,5.2743053
78.059998IDEA PCS,9,126 163 204,78.059998,"1027 45TH STREET NE, Washington, District of Columbia 20019",IDEA PCS,6,2.2541666
78.059998Friendship PCS - Collegiate Academy,9,120 186 195,78.059998,"4095 MINNESOTA AVENUE NE, Washington, District of Columbia 20019",Friendship PCS - Collegiate Academy,7,4.8991666
"78.07Woodson, H.D. HS",9,464,78.07,"540 55th St. NE Washington, DC 20019","Woodson, H.D. HS",15,1.6745098
"78.080002Woodson, H.D. HS",9,464,78.080002,"540 55th St. NE Washington, DC 20019","Woodson, H.D. HS",27,2.738889
78.080002Maya Angelou PCS - High School,9,133 101 221,78.080002,"5600 EAST CAPITOL STREET NE, Washington, District of Columbia 20019",Maya Angelou PCS - High School,15,2.8916667
78.089996Friendship PCS - Collegiate Academy,9,120 186 195,78.089996,"4095 MINNESOTA AVENUE NE, Washington, District of Columbia 20019",Friendship PCS - Collegiate Academy,6,4.8772726
"78.089996Woodson, H.D. HS",9,464,78.089996,"540 55th St. NE Washington, DC 20019","Woodson, H.D. HS",14,3.8696969
79.010002Eastern HS,9,457,79.010002,"1700 East Capitol St. NE Washington, DC 20003",Eastern HS,17,3.668421
79.010002Friendship PCS - Collegiate Academy,9,120 186 195,79.010002,"4095 MINNESOTA AVENUE NE, Washington, District of Columbia 20019",Friendship PCS - Collegiate Academy,9,8.4728069
80.010002Eastern HS,9,457,80.010002,"1700 East Capitol St. NE Washington, DC 20003",Eastern HS,9,4.953125
80.019997Eastern HS,9,457,80.019997,"1700 East Capitol St. NE Washington, DC 20003",Eastern HS,8,2.8922222
87.010002Dunbar HS,9,467,87.010002,"101 N St. NW Washington, DC 20001",Dunbar HS,7,6.8319445
88.019997Dunbar HS,9,467,88.019997,"101 N St. NW Washington, DC 20001",Dunbar HS,12,9.5679998
88.019997Eastern HS,9,457,88.019997,"1700 East Capitol St. NE Washington, DC 20003",Eastern HS,7,8.7653332
88.019997Phelps ACE HS,9,478,88.019997,"704 26th St NE Washington, DC 20002",Phelps ACE HS,7,6.3379998
88.029999Dunbar HS,9,467,88.029999,"101 N St. NW Washington, DC 20001",Dunbar HS,12,7.5866666
88.040001Dunbar HS,9,467,88.040001,"101 N St. NW Washington, DC 20001",Dunbar HS,11,9.7302084
89.029999Dunbar HS,9,467,89.029999,"101 N St. NW Washington, DC 20001",Dunbar HS,6,10.878205
89.029999Eastern HS,9,457,89.029999,"1700 East Capitol St. NE Washington, DC 20003",Eastern HS,14,7.273077
89.040001Eastern HS,9,457,89.040001,"1700 East Capitol St. NE Washington, DC 20003",Eastern HS,8,6.3583331
89.040001Friendship PCS - Collegiate Academy,9,120 186 195,89.040001,"4095 MINNESOTA AVENUE NE, Washington, District of Columbia 20019",Friendship PCS - Collegiate Academy,6,8.0194445
89.040001Phelps ACE HS,9,478,89.040001,"704 26th St NE Washington, DC 20002",Phelps ACE HS,9,3.0916667
91.019997Dunbar HS,9,467,91.019997,"101 N St. NW Washington, DC 20001",Dunbar HS,19,10.782692
91.019997Options PCS,9,137 169 278,91.019997,"1375 E STREET NE, Washington, District of Columbia 20002",Options PCS,12,12.085257
91.019997McKinley Technology HS,9,458,91.019997,"151 T St. NE Washington, DC 20002",McKinley Technology HS,6,7.6519232
91.019997Perry Street Preparatory PCS,9,125 161 228,91.019997,"1800 PERRY STREET NE, Washington, District of Columbia 20018",Perry Street Preparatory PCS,8,7.8038464
92.040001Cardozo EC,9,454,92.040001,"1200 Clifton St. NW Washington, DC 20009",Cardozo EC,9,12.520834
92.040001Columbia Heights EC (CHEC),9,442,92.040001,"3101 16th St. NW Washington, DC 20010",Columbia Heights EC (CHEC),8,13.985416
94Wilson HS,9,463,94,"3950 Chesapeake St. NW Washington, DC 20016",Wilson HS,6,25.620098
95.010002Roosevelt HS @ MacFarland,9,459,95.010002,"4400 Iowa Ave. NW Washington, DC 20011",Roosevelt HS @ MacFarland,9,8.4601851
96.010002Eastern HS,9,457,96.010002,"1700 East Capitol St. NE Washington, DC 20003",Eastern HS,11,8.3263159
96.010002Cesar Chavez PCS for Public Policy - Parkside High School,9,109 109 171,96.010002,"3701 HAYES STREET NE, Washington, District of Columbia 20019",Cesar Chavez PCS for Public Policy - Parkside High School,19,5.0166669
96.010002Friendship PCS - Collegiate Academy,9,120 186 195,96.010002,"4095 MINNESOTA AVENUE NE, Washington, District of Columbia 20019",Friendship PCS - Collegiate Academy,7,5.6666665
"96.010002Woodson, H.D. HS",9,464,96.010002,"540 55th St. NE Washington, DC 20019","Woodson, H.D. HS",15,7.9131579
96.019997Cesar Chavez PCS for Public Policy - Parkside High School,9,109 109 171,96.019997,"3701 HAYES STREET NE, Washington, District of Columbia 20019",Cesar Chavez PCS for Public Policy - Parkside High School,14,2.2287879
"96.019997Woodson, H.D. HS",9,464,96.019997,"540 55th St. NE Washington, DC 20019","Woodson, H.D. HS",6,7.8696971
96.029999Eastern HS,9,457,96.029999,"1700 East Capitol St. NE Washington, DC 20003",Eastern HS,7,5.1041665
96.029999Cesar Chavez PCS for Public Policy - Parkside High School,9,109 109 171,96.029999,"3701 HAYES STREET NE, Washington, District of Columbia 20019",Cesar Chavez PCS for Public Policy - Parkside High School,9,7.9770832
96.029999Friendship PCS - Collegiate Academy,9,120 186 195,96.029999,"4095 MINNESOTA AVENUE NE, Washington, District of Columbia 20019",Friendship PCS - Collegiate Academy,8,4.4416666
"96.029999Woodson, H.D. HS",9,464,96.029999,"540 55th St. NE Washington, DC 20019","Woodson, H.D. HS",6,8.8218746
97Ballou HS,9,452,97,"3401 4th St. SE Washington, DC 20032",Ballou HS,15,4.617857
98.010002Ballou HS,9,452,98.010002,"3401 4th St. SE Washington, DC 20032",Ballou HS,12,3.4229167
98.019997Ballou HS,9,452,98.019997,"3401 4th St. SE Washington, DC 20032",Ballou HS,9,3.4805555
98.029999Ballou HS,9,452,98.029999,"3401 4th St. SE Washington, DC 20032",Ballou HS,16,2.3455555
98.040001Ballou HS,9,452,98.040001,"3401 4th St. SE Washington, DC 20032",Ballou HS,19,1.7378788
98.07Dunbar HS,9,467,98.07,"101 N St. NW Washington, DC 20001",Dunbar HS,6,14.847619
98.07Ballou HS,9,452,98.07,"3401 4th St. SE Washington, DC 20032",Ballou HS,13,5.6297622
98.099998Ballou HS,9,452,98.099998,"3401 4th St. SE Washington, DC 20032",Ballou HS,8,4.1714287
98.110001Ballou HS,9,452,98.110001,"3401 4th St. SE Washington, DC 20032",Ballou HS,27,4.8574076
98.110001National Collegiate Preparatory PCHS,9,163 1120 226,98.110001,"4600 LIVINGSTON ROAD SE, Washington, District of Columbia 20032",National Collegiate Preparatory PCHS,12,3.074074
98.110001Friendship PCS - Technology Preparatory Middle School,9,120 1124 198,98.110001,"620 MILWAUKEE PLACE SE, Washington, District of Columbia 20032",Friendship PCS - Technology Preparatory Middle School,6,8.9296303
99.019997Anacostia HS,9,450,99.019997,"1601 16th St. SE Washington, DC 20020",Anacostia HS,6,11.667708
99.029999Friendship PCS - Collegiate Academy,9,120 186 195,99.029999,"4095 MINNESOTA AVENUE NE, Washington, District of Columbia 20019",Friendship PCS - Collegiate Academy,8,9.3533335
"99.029999Woodson, H.D. HS",9,464,99.029999,"540 55th St. NE Washington, DC 20019","Woodson, H.D. HS",11,4.9949999
99.040001Eastern HS,9,457,99.040001,"1700 East Capitol St. NE Washington, DC 20003",Eastern HS,13,8.4622221
"99.040001Woodson, H.D. HS",9,464,99.040001,"540 55th St. NE Washington, DC 20019","Woodson, H.D. HS",9,6.0888886
99.040001Phelps ACE HS,9,478,99.040001,"704 26th St NE Washington, DC 20002",Phelps ACE HS,6,10.826667
99.050003Eastern HS,9,457,99.050003,"1700 East Capitol St. NE Washington, DC 20003",Eastern HS,13,9.4736109
99.050003Friendship PCS - Collegiate Academy,9,120 186 195,99.050003,"4095 MINNESOTA AVENUE NE, Washington, District of Columbia 20019",Friendship PCS - Collegiate Academy,9,9.4055557
"99.050003Woodson, H.D. HS",9,464,99.050003,"540 55th St. NE Washington, DC 20019","Woodson, H.D. HS",11,6.7277775
99.07Eastern HS,9,457,99.07,"1700 East Capitol St. NE Washington, DC 20003",Eastern HS,10,9.0200005
"99.07Woodson, H.D. HS",9,464,99.07,"540 55th St. NE Washington, DC 20019","Woodson, H.D. HS",10,8.5183334
99.07Maya Angelou PCS - High School,9,133 101 221,99.07,"5600 EAST CAPITOL STREET NE, Washington, District of Columbia 20019",Maya Angelou PCS - High School,7,7.2233334
103Coolidge HS,9,455,103,"6315 5th St. NW Washington, DC 20011",Coolidge HS,8,4.7468748
104Thurgood Marshall Academy PCS,9,146 191 240,104,"2427 MARTIN LUTHER KING JR AVENUE SE, Washington, District of Columbia 20020",Thurgood Marshall Academy PCS,9,5.8870969
104Ballou HS,9,452,104,"3401 4th St. SE Washington, DC 20032",Ballou HS,22,3.5360215
105Wilson HS,9,463,105,"3950 Chesapeake St. NW Washington, DC 20016",Wilson HS,7,28.678572
106Dunbar HS,9,467,106,"101 N St. NW Washington, DC 20001",Dunbar HS,10,7.0683331
106Ellington School of the Arts,9,471,106,"3500 R St. NW Washington, DC 20007",Ellington School of the Arts,6,26.283333
109Ballou HS,9,452,109,"3401 4th St. SE Washington, DC 20032",Ballou HS,9,7.9479165
109National Collegiate Preparatory PCHS,9,163 1120 226,109,"4600 LIVINGSTON ROAD SE, Washington, District of Columbia 20032",National Collegiate Preparatory PCHS,8,5.4854164
111Dunbar HS,9,467,111,"101 N St. NW Washington, DC 20001",Dunbar HS,6,12.549146
111McKinley Technology HS,9,458,111,"151 T St. NE Washington, DC 20002",McKinley Technology HS,6,11.223931
1Hyde-Addison ES,K,252,1,"3219 O St. NW Washington, DC 20007",Hyde-Addison ES,14,5.541667
2.02Hyde-Addison ES,K,252,2.02,"3219 O St. NW Washington, DC 20007",Hyde-Addison ES,11,3.0861111
3Stoddert ES,K,321,3,"4001 Calvert St. NW Washington, DC 20007",Stoddert ES,32,2.8092592
4Stoddert ES,K,321,4,"4001 Calvert St. NW Washington, DC 20007",Stoddert ES,7,4.6805558
5.0100002Oyster-Adams Bilingual,K,292,5.0100002,"2801 Calvert St. NW and 2020 19th St. NW Washington, DC 20008",Oyster-Adams Bilingual,9,4.0708332
5.02Oyster-Adams Bilingual,K,292,5.02,"2801 Calvert St. NW and 2020 19th St. NW Washington, DC 20008",Oyster-Adams Bilingual,15,4.3307691
5.02Eaton ES,K,232,5.02,"3301 Lowell St. NW Washington, DC 20008",Eaton ES,7,3.3551283
7.0100002Stoddert ES,K,321,7.0100002,"4001 Calvert St. NW Washington, DC 20007",Stoddert ES,16,4.7487178
7.02Stoddert ES,K,321,7.02,"4001 Calvert St. NW Washington, DC 20007",Stoddert ES,19,2.2638888
8.0100002Mann ES,K,273,8.0100002,"4430 Newark St. NW Washington, DC 20016",Mann ES,25,3.965873
8.0100002Key ES,K,272,8.0100002,"5001 Dana Pl. NW Washington, DC 20016",Key ES,18,4.7777777
8.0200005Key ES,K,272,8.0200005,"5001 Dana Pl. NW Washington, DC 20016",Key ES,20,5.7130952
9.0100002Mann ES,K,273,9.0100002,"4430 Newark St. NW Washington, DC 20016",Mann ES,22,4.651515
9.0100002Key ES,K,272,9.0100002,"5001 Dana Pl. NW Washington, DC 20016",Key ES,6,5.2954545
9.0200005Key ES,K,272,9.0200005,"5001 Dana Pl. NW Washington, DC 20016",Key ES,12,1.9055555
10.01Janney ES,K,254,10.01,"4130 Albemarle St. NW Washington, DC 20016",Janney ES,81,#N/A
10.02Eaton ES,K,232,10.02,"3301 Lowell St. NW Washington, DC 20008",Eaton ES,16,6.0555553
11Janney ES,K,254,11,"4130 Albemarle St. NW Washington, DC 20016",Janney ES,12,5.4737372
11Murch ES,K,287,11,"4810 36th St. NW Washington, DC 20008",Murch ES,31,3.9989898
12Hearst ES,K,258,12,"3950 37th St. NW Washington, DC 20008",Hearst ES,10,3.3215277
12Janney ES,K,254,12,"4130 Albemarle St. NW Washington, DC 20016",Janney ES,6,4.3097224
12Murch ES,K,287,12,"4810 36th St. NW Washington, DC 20008",Murch ES,21,2.58125
13.01Murch ES,K,287,13.01,"4810 36th St. NW Washington, DC 20008",Murch ES,25,3.2294872
14.01Lafayette ES,K,261,14.01,"5701 Broad Branch Rd. NW Washington, DC 20015",Lafayette ES,20,1.8657408
14.02Murch ES,K,287,14.02,"4810 36th St. NW Washington, DC 20008",Murch ES,23,4.4052634
14.02Lafayette ES,K,261,14.02,"5701 Broad Branch Rd. NW Washington, DC 20015",Lafayette ES,19,3.0859649
15Lafayette ES,K,261,15,"5701 Broad Branch Rd. NW Washington, DC 20015",Lafayette ES,60,3.4055555
16Shepherd ES,K,313,16,"7800 14th St. NW Washington, DC 20012",Shepherd ES,22,2.5308824
18.030001Dorothy I. Height Community Academy PCS - Amos 1,K,113 105 315,18.030001,"1300 ALLISON STREET NW, Washington, District of Columbia 20011",Dorothy I. Height Community Academy PCS - Amos 1,12,7.5212121
18.030001Brightwood EC,K,213,18.030001,"1300 Nicholson St. NW Washington, DC 20011",Brightwood EC,15,3.5787878
18.030001Center City PCS - Brightwood,K,156 1103 163,18.030001,"6008 GEORGIA AVENUE NW, Washington, District of Columbia 20011",Center City PCS - Brightwood,7,3.8424242
18.040001Brightwood EC,K,213,18.040001,"1300 Nicholson St. NW Washington, DC 20011",Brightwood EC,30,2.7249999
18.040001Powell ES,K,300,18.040001,"1350 Upshur St. NW Washington, DC 20011",Powell ES,7,7.9560609
18.040001Center City PCS - Brightwood,K,156 1103 163,18.040001,"6008 GEORGIA AVENUE NW, Washington, District of Columbia 20011",Center City PCS - Brightwood,11,2.6492424
18.040001Takoma EC,K,324,18.040001,"7010 Piney Branch Rd. NW Washington, DC 20012",Takoma EC,7,5.1068182
19.01Whittier EC,K,338,19.01,"6201 5th St. NW Washington, DC 20011",Whittier EC,16,1.9994444
20.01Brightwood EC,K,213,20.01,"1300 Nicholson St. NW Washington, DC 20011",Brightwood EC,14,2.0986111
20.02Brightwood EC,K,213,20.02,"1300 Nicholson St. NW Washington, DC 20011",Brightwood EC,7,2.782639
20.02West EC,K,336,20.02,"1338 Farragut St. NW Washington, DC 20011",West EC,8,1.8472222
21.01Dorothy I. Height Community Academy PCS - Amos 2,K,113 158 313,21.01,"33 RIGGS ROAD NE, Washington, District of Columbia 20011",Dorothy I. Height Community Academy PCS - Amos 2,13,5.5307293
21.01Whittier EC,K,338,21.01,"6201 5th St. NW Washington, DC 20011",Whittier EC,6,4.7432294
21.01Truesdell EC,K,327,21.01,"800 Ingraham St. NW Washington, DC 20011",Truesdell EC,40,1.6739583
21.02Barnard ES,K,205,21.02,"430 Decatur St. NW Washington, DC 20011",Barnard ES,6,3.8223958
21.02Hope Community PCS - Lamond,K,121 131 201,21.02,"6200 KANSAS AVENUE NE, Washington, District of Columbia 20011",Hope Community PCS - Lamond,8,3.909375
21.02Truesdell EC,K,327,21.02,"800 Ingraham St. NW Washington, DC 20011",Truesdell EC,14,3.7458334
22.01Dorothy I. Height Community Academy PCS - Amos 1,K,113 105 315,22.01,"1300 ALLISON STREET NW, Washington, District of Columbia 20011",Dorothy I. Height Community Academy PCS - Amos 1,7,3.9666667
22.01Barnard ES,K,205,22.01,"430 Decatur St. NW Washington, DC 20011",Barnard ES,6,2.2224638
22.01Truesdell EC,K,327,22.01,"800 Ingraham St. NW Washington, DC 20011",Truesdell EC,7,2.5956521
22.02Barnard ES,K,205,22.02,"430 Decatur St. NW Washington, DC 20011",Barnard ES,34,1.8424243
23.01Barnard ES,K,205,23.01,"430 Decatur St. NW Washington, DC 20011",Barnard ES,12,3.1416667
25.01Dorothy I. Height Community Academy PCS - Amos 1,K,113 105 315,25.01,"1300 ALLISON STREET NW, Washington, District of Columbia 20011",Dorothy I. Height Community Academy PCS - Amos 1,10,2.0739584
25.02Dorothy I. Height Community Academy PCS - Amos 1,K,113 105 315,25.02,"1300 ALLISON STREET NW, Washington, District of Columbia 20011",Dorothy I. Height Community Academy PCS - Amos 1,8,3.4103174
25.02Powell ES,K,300,25.02,"1350 Upshur St. NW Washington, DC 20011",Powell ES,20,2.7801588
25.02Bridges PCS,K,107 142 155,25.02,"4300 13TH STREET NW, Washington, District of Columbia 20011",Bridges PCS,6,2.8436508
25.02Raymond EC,K,302,25.02,"915 Spring Rd. NW Washington, DC 20010",Raymond EC,15,2.8888888
27.01Bancroft ES,K,204,27.01,"1755 Newton St. NW Washington, DC 20010",Bancroft ES,22,1.6833333
27.02Bancroft ES,K,204,27.02,"1755 Newton St. NW Washington, DC 20010",Bancroft ES,13,3.3140352
28.01Bancroft ES,K,204,28.01,"1755 Newton St. NW Washington, DC 20010",Bancroft ES,18,4.4863639
28.01Raymond EC,K,302,28.01,"915 Spring Rd. NW Washington, DC 20010",Raymond EC,14,4.7393942
28.02Tubman ES,K,328,28.02,"3101 13th St. NW Washington, DC 20010",Tubman ES,28,4.4333334
29Tubman ES,K,328,29,"3101 13th St. NW Washington, DC 20010",Tubman ES,6,3.0722222
29Raymond EC,K,302,29,"915 Spring Rd. NW Washington, DC 20010",Raymond EC,17,2.7787037
30Tubman ES,K,328,30,"3101 13th St. NW Washington, DC 20010",Tubman ES,17,1.4518518
31Tubman ES,K,328,31,"3101 13th St. NW Washington, DC 20010",Tubman ES,7,3.159375
31Bruce-Monroe ES @ Park View,K,296,31,"3560 Warder St. NW Washington, DC 20010",Bruce-Monroe ES @ Park View,11,3.91875
32Bruce-Monroe ES @ Park View,K,296,32,"3560 Warder St. NW Washington, DC 20010",Bruce-Monroe ES @ Park View,36,2.4611111
35Tubman ES,K,328,35,"3101 13th St. NW Washington, DC 20010",Tubman ES,7,3.6190476
36Meridian PCS,K,135 165 222,36,"2120 13TH STREET NW, Washington, District of Columbia 20009",Meridian PCS,8,2.6757576
36Tubman ES,K,328,36,"3101 13th St. NW Washington, DC 20010",Tubman ES,9,2.8954546
37Meridian PCS,K,135 165 222,37,"2120 13TH STREET NW, Washington, District of Columbia 20009",Meridian PCS,7,4.1083336
37Marie Reed ES,K,284,37,"2201 18th St. NW Washington, DC 20009",Marie Reed ES,8,5.6402779
37H.D. Cooke ES,K,227,37,"2525 17th St. NW Washington, DC 20009",H.D. Cooke ES,17,4.2055554
38Marie Reed ES,K,284,38,"2201 18th St. NW Washington, DC 20009",Marie Reed ES,12,3.3388889
40.009998Oyster-Adams Bilingual,K,292,40.009998,"2801 Calvert St. NW and 2020 19th St. NW Washington, DC 20008",Oyster-Adams Bilingual,18,4.6484847
43Garrison ES,K,239,43,"1200 S St. NW Washington, DC 20009",Garrison ES,7,3.9666667
46Dorothy I. Height Community Academy PCS - Amos 3,K,113 1109 312,46,"1400 1ST STREET NW, Washington, District of Columbia 20001",Dorothy I. Height Community Academy PCS - Amos 3,7,2.3083334
47.009998Walker-Jones EC,K,332,47.009998,"1125 New Jersey Ave. NW Washington, DC 20001",Walker-Jones EC,12,3.4983335
47.009998Dorothy I. Height Community Academy PCS - Amos 3,K,113 1109 312,47.009998,"1400 1ST STREET NW, Washington, District of Columbia 20001",Dorothy I. Height Community Academy PCS - Amos 3,14,5.6149998
47.02Walker-Jones EC,K,332,47.02,"1125 New Jersey Ave. NW Washington, DC 20001",Walker-Jones EC,13,2.6357143
48.009998Cleveland ES,K,224,48.009998,"1825 8th St. NW Washington, DC 20001",Cleveland ES,6,3.7986112
49.009998Cleveland ES,K,224,49.009998,"1825 8th St. NW Washington, DC 20001",Cleveland ES,9,1.7904762
49.02Thomson ES,K,326,49.02,"1200 L St. NW Washington, DC 20005",Thomson ES,7,4.7216668
50.02Thomson ES,K,326,50.02,"1200 L St. NW Washington, DC 20005",Thomson ES,15,2.954762
52.009998Ross ES,K,305,52.009998,"1730 R St. NW Washington, DC 20009",Ross ES,6,3.9714286
53.009998Ross ES,K,305,53.009998,"1730 R St. NW Washington, DC 20009",Ross ES,15,2.9683332
64KIPP DC - Spring Academy PCS,K,129 214 214,64,"1375 MOUNT OLIVET ROAD NE, Washington, District of Columbia 20002",KIPP DC - Spring Academy PCS,6,15.382222
64Amidon-Bowen ES,K,203,64,"401 I St. SW Washington, DC 20024",Amidon-Bowen ES,16,5.2655554
65Brent ES,K,212,65,"301 North Carolina Ave. SE Washington, DC 20003",Brent ES,18,2.1125
66Brent ES,K,212,66,"301 North Carolina Ave. SE Washington, DC 20003",Brent ES,12,3.0590909
67Peabody ES (Capitol Hill Clus),K,301,67,"425 C St NE Washington, DC 20002",Peabody ES (Capitol Hill Clus),8,6.2583332
67School-Within-School @ Goding,K,943,67,"920 F St. NE Washington, DC 20002",School-Within-School @ Goding,6,5.4208331
68.010002Payne ES,K,295,68.010002,"1445 C St. SE Washington, DC 20003",Payne ES,6,2.1583333
68.019997Payne ES,K,295,68.019997,"1445 C St. SE Washington, DC 20003",Payne ES,11,2.0977778
68.019997Peabody ES (Capitol Hill Clus),K,301,68.019997,"425 C St NE Washington, DC 20002",Peabody ES (Capitol Hill Clus),7,9.0322218
69Peabody ES (Capitol Hill Clus),K,301,69,"425 C St NE Washington, DC 20002",Peabody ES (Capitol Hill Clus),7,7.9121213
70Brent ES,K,212,70,"301 North Carolina Ave. SE Washington, DC 20003",Brent ES,8,3.4742424
71Tyler ES,K,330,71,"1001 G St. SE Washington, DC 20003",Tyler ES,15,3.0383334
73.010002Leckie ES,K,266,73.010002,"4201 M.L. King Ave. SW Washington, DC 20032",Leckie ES,33,5.5931816
73.040001Malcolm X ES @ Green,K,308,73.040001,"1500 Mississippi Ave. SE Washington, DC 20032",Malcolm X ES @ Green,19,2.4549999
"73.040001King, M.L. ES",K,344,73.040001,"3200 6th St. SE Washington, DC 20032","King, M.L. ES",8,3.8691666
73.040001Turner ES,K,329,73.040001,"3264 Stanton Rd. SE Washington, DC 20032",Turner ES,7,3.27
73.040001Eagle Academy PCS - Congress Heights,K,117 195 187,73.040001,"3400 WHEELER ROAD SE, Washington, District of Columbia 20032",Eagle Academy PCS - Congress Heights,14,2.2983334
73.040001Friendship PCS - Southeast Academy,K,120 113 197,73.040001,"645 MILWAUKEE PLACE SE, Washington, District of Columbia 20032",Friendship PCS - Southeast Academy,6,5.4749999
74.010002Savoy ES,K,307,74.010002,"2400 Shannon Pl. SE Washington, DC 20020",Savoy ES,18,4.2449999
74.010002Excel Academy PCS,K,158 1113 191,74.010002,"2501 MARTIN LUTHER KING JR AVENUE SE, Washington, District of Columbia 20020",Excel Academy PCS,16,2.4266667
74.029999Garfield ES,K,238,74.029999,"2435 Alabama Ave. SE Washington, DC 20020",Garfield ES,6,3.6638889
74.040001Turner ES,K,329,74.040001,"3264 Stanton Rd. SE Washington, DC 20032",Turner ES,17,1.6408334
74.059998Moten ES,K,285,74.059998,"1565 Morris Rd. SE Washington, DC 20020",Moten ES,31,3.2777777
74.059998Savoy ES,K,307,74.059998,"2400 Shannon Pl. SE Washington, DC 20020",Savoy ES,9,5.7888889
74.059998Excel Academy PCS,K,158 1113 191,74.059998,"2501 MARTIN LUTHER KING JR AVENUE SE, Washington, District of Columbia 20020",Excel Academy PCS,6,4.811111
74.059998KIPP DC - Discover Academy PCS,K,129 1122 211,74.059998,"2600 DOUGLASS ROAD SE, Washington, District of Columbia 20020",KIPP DC - Discover Academy PCS,16,1.761111
74.059998Cedar Tree Academy PCS,K,123 188 162,74.059998,"701 HOWARD ROAD SE, Washington, District of Columbia 20020",Cedar Tree Academy PCS,7,6.0777779
74.07Moten ES,K,285,74.07,"1565 Morris Rd. SE Washington, DC 20020",Moten ES,14,1.977451
74.07Savoy ES,K,307,74.07,"2400 Shannon Pl. SE Washington, DC 20020",Savoy ES,12,4.2803922
74.080002Garfield ES,K,238,74.080002,"2435 Alabama Ave. SE Washington, DC 20020",Garfield ES,12,2.0939393
74.080002Stanton ES,K,319,74.080002,"2701 Naylor Rd. SE Washington, DC 20020",Stanton ES,29,3.4742424
74.089996Garfield ES,K,238,74.089996,"2435 Alabama Ave. SE Washington, DC 20020",Garfield ES,6,3.5642858
74.089996Turner ES,K,329,74.089996,"3264 Stanton Rd. SE Washington, DC 20032",Turner ES,27,2.7904761
74.089996Eagle Academy PCS - Congress Heights,K,117 195 187,74.089996,"3400 WHEELER ROAD SE, Washington, District of Columbia 20032",Eagle Academy PCS - Congress Heights,9,4.6214285
75.019997Stanton ES,K,319,75.019997,"2701 Naylor Rd. SE Washington, DC 20020",Stanton ES,27,2.54
75.019997Eagle Academy PCS - Congress Heights,K,117 195 187,75.019997,"3400 WHEELER ROAD SE, Washington, District of Columbia 20032",Eagle Academy PCS - Congress Heights,7,8.2344446
75.019997KIPP DC - LEAP Academy PCS,K,129 132 209,75.019997,"4801 BENNING ROAD SE, Washington, District of Columbia 20019",KIPP DC - LEAP Academy PCS,6,13.67
75.029999Moten ES,K,285,75.029999,"1565 Morris Rd. SE Washington, DC 20020",Moten ES,8,3.4333334
75.029999Ketcham ES,K,257,75.029999,"1919 15th St. SE Washington, DC 20020",Ketcham ES,9,2.4847221
75.029999Savoy ES,K,307,75.029999,"2400 Shannon Pl. SE Washington, DC 20020",Savoy ES,9,3.5930555
75.040001Moten ES,K,285,75.040001,"1565 Morris Rd. SE Washington, DC 20020",Moten ES,13,2.840909
75.040001Ketcham ES,K,257,75.040001,"1919 15th St. SE Washington, DC 20020",Ketcham ES,23,2.8469696
75.040001Cedar Tree Academy PCS,K,123 188 162,75.040001,"701 HOWARD ROAD SE, Washington, District of Columbia 20020",Cedar Tree Academy PCS,6,6.4575758
76.010002Ketcham ES,K,257,76.010002,"1919 15th St. SE Washington, DC 20020",Ketcham ES,6,3.1908603
76.010002Orr ES,K,291,76.010002,"2200 Minnesota Ave. SE Washington, DC 20020",Orr ES,20,1.9215053
76.029999Beers ES,K,206,76.029999,"3600 Alabama Ave. SE Washington, DC 20020",Beers ES,11,2.9482143
76.040001Randle Highlands ES,K,316,76.040001,"1650 30th St. SE Washington, DC 20020",Randle Highlands ES,11,2.5685184
76.040001Beers ES,K,206,76.040001,"3600 Alabama Ave. SE Washington, DC 20020",Beers ES,6,3.8895061
76.050003Ketcham ES,K,257,76.050003,"1919 15th St. SE Washington, DC 20020",Ketcham ES,8,2.1533334
77.029999Kimball ES,K,259,77.029999,"3375 Minnesota Ave. SE Washington, DC 20019",Kimball ES,22,3.6272726
77.029999Plummer ES,K,299,77.029999,"4601 Texas Ave. SE Washington, DC 20019",Plummer ES,21,2.8560605
77.07C.W. Harris ES,K,247,77.07,"301 53rd St. SE Washington, DC 20019",C.W. Harris ES,8,4.0257578
77.07Plummer ES,K,299,77.07,"4601 Texas Ave. SE Washington, DC 20019",Plummer ES,13,4.2712121
77.07KIPP DC - LEAP Academy PCS,K,129 132 209,77.07,"4801 BENNING ROAD SE, Washington, District of Columbia 20019",KIPP DC - LEAP Academy PCS,6,2.8484848
77.080002Kimball ES,K,259,77.080002,"3375 Minnesota Ave. SE Washington, DC 20019",Kimball ES,20,1.6864583
78.029999Smothers ES,K,322,78.029999,"4400 Brooks St. NE Washington, DC 20019",Smothers ES,17,2.1333332
78.040001Arts and Technology Academy PCS,K,104 181 321,78.040001,"5300 BLAINE STREET NE, Washington, District of Columbia 20019",Arts and Technology Academy PCS,9,3.8448718
78.040001Aiton ES,K,202,78.040001,"533 48th Pl. NE Washington, DC 20019",Aiton ES,19,2.4711537
78.059998Houston ES,K,251,78.059998,"1100 50th Pl. NE Washington, DC 20019",Houston ES,24,2.1303029
78.07Burrville ES,K,221,78.07,"801 Division Ave. NE Washington, DC 20019",Burrville ES,8,2.0285714
78.080002Arts and Technology Academy PCS,K,104 181 321,78.080002,"5300 BLAINE STREET NE, Washington, District of Columbia 20019",Arts and Technology Academy PCS,24,2.645
78.080002Drew ES,K,231,78.080002,"5600 Eads St. NE Washington, DC 20019",Drew ES,9,2.7277777
78.080002Burrville ES,K,221,78.080002,"801 Division Ave. NE Washington, DC 20019",Burrville ES,6,3.5122223
78.089996Houston ES,K,251,78.089996,"1100 50th Pl. NE Washington, DC 20019",Houston ES,9,3.0433333
78.089996Burrville ES,K,221,78.089996,"801 Division Ave. NE Washington, DC 20019",Burrville ES,15,2.8891666
79.010002Miner ES,K,280,79.010002,"601 15th St. NE Washington, DC 20002",Miner ES,18,2.4938595
79.029999Friendship PCS - Blow Pierce Elementary School,K,120 361 193,79.029999,"725 19TH STREET NE, Washington, District of Columbia 20002",Friendship PCS - Blow Pierce Elementary School,7,2.1984849
80.010002Maury ES,K,274,80.010002,"1250 Constitution Ave. NE Washington, DC 20002",Maury ES,9,2.3215687
80.019997Maury ES,K,274,80.019997,"1250 Constitution Ave. NE Washington, DC 20002",Maury ES,16,2.0351851
81Maury ES,K,274,81,"1250 Constitution Ave. NE Washington, DC 20002",Maury ES,10,2.437037
81Peabody ES (Capitol Hill Clus),K,301,81,"425 C St NE Washington, DC 20002",Peabody ES (Capitol Hill Clus),10,3.7861111
82Peabody ES (Capitol Hill Clus),K,301,82,"425 C St NE Washington, DC 20002",Peabody ES (Capitol Hill Clus),8,2.7666667
82School-Within-School @ Goding,K,943,82,"920 F St. NE Washington, DC 20002",School-Within-School @ Goding,6,4.4454546
83.019997Peabody ES (Capitol Hill Clus),K,301,83.019997,"425 C St NE Washington, DC 20002",Peabody ES (Capitol Hill Clus),6,2.6055555
87.010002Langley ES,K,370,87.010002,"101 T Street NE Washington, DC 20002",Langley ES,8,1.7989583
87.019997Langley ES,K,370,87.019997,"101 T Street NE Washington, DC 20002",Langley ES,7,2.1358974
88.019997Wheatley EC,K,335,88.019997,"1299 Neal St. NE Washington, DC 20002",Wheatley EC,22,1.7969697
88.019997J.O. Wilson ES,K,339,88.019997,"660 K St. NE Washington, DC 20002",J.O. Wilson ES,6,3.9537878
88.029999Wheatley EC,K,335,88.029999,"1299 Neal St. NE Washington, DC 20002",Wheatley EC,8,4.1781249
88.040001Wheatley EC,K,335,88.040001,"1299 Neal St. NE Washington, DC 20002",Wheatley EC,8,3.1944444
88.040001KIPP DC - Spring Academy PCS,K,129 214 214,88.040001,"1375 MOUNT OLIVET ROAD NE, Washington, District of Columbia 20002",KIPP DC - Spring Academy PCS,8,1.6755556
89.029999Friendship PCS - Blow Pierce Elementary School,K,120 361 193,89.029999,"725 19TH STREET NE, Washington, District of Columbia 20002",Friendship PCS - Blow Pierce Elementary School,6,5.3559523
89.040001Miner ES,K,280,89.040001,"601 15th St. NE Washington, DC 20002",Miner ES,9,5.6666665
89.040001Friendship PCS - Blow Pierce Elementary School,K,120 361 193,89.040001,"725 19TH STREET NE, Washington, District of Columbia 20002",Friendship PCS - Blow Pierce Elementary School,10,3.9511111
89.040001Browne EC,K,404,89.040001,"850 26th St. NE Washington, DC 20002",Browne EC,11,2.8944445
91.019997Mary McLeod Bethune Day Academy PCS,K,132 135 220,91.019997,"1404 JACKSON STREET NE, Washington, District of Columbia 20017",Mary McLeod Bethune Day Academy PCS,12,4.7623186
91.019997Langdon EC,K,262,91.019997,"1900 Evarts St. NE Washington, DC 20018",Langdon EC,14,3.3318841
91.019997Tree of Life PCS,K,147 183 268,91.019997,"2315 18TH PLACE NE, Washington, District of Columbia 20018",Tree of Life PCS,10,3.8173914
91.019997Noyes EC,K,290,91.019997,"2725 10th St. NE Washington, DC 20018",Noyes EC,8,4.5623188
92.040001Noyes EC,K,290,92.040001,"2725 10th St. NE Washington, DC 20018",Noyes EC,6,3.1222222
93.010002Burroughs EC,K,220,93.010002,"1820 Monroe St. NE Washington, DC 20018",Burroughs EC,10,2.4404039
94Burroughs EC,K,220,94,"1820 Monroe St. NE Washington, DC 20018",Burroughs EC,8,3.0935898
94Elsie Whitlow Stokes Community Freedom PCS,K,144 159 190,94,"3700 OAKVIEW TERRACE NE, Washington, District of Columbia 20017",Elsie Whitlow Stokes Community Freedom PCS,6,5.6311965
95.010002Dorothy I. Height Community Academy PCS - Amos 2,K,113 158 313,95.010002,"33 RIGGS ROAD NE, Washington, District of Columbia 20011",Dorothy I. Height Community Academy PCS - Amos 2,14,3.8166666
95.010002Barnard ES,K,205,95.010002,"430 Decatur St. NW Washington, DC 20011",Barnard ES,10,5.9314814
95.010002LaSalle-Backus EC,K,264,95.010002,"501 Riggs Rd. NE Washington, DC 20011",LaSalle-Backus EC,6,5.8990741
95.050003Dorothy I. Height Community Academy PCS - Amos 2,K,113 158 313,95.050003,"33 RIGGS ROAD NE, Washington, District of Columbia 20011",Dorothy I. Height Community Academy PCS - Amos 2,6,3.6770833
95.050003LaSalle-Backus EC,K,264,95.050003,"501 Riggs Rd. NE Washington, DC 20011",LaSalle-Backus EC,6,2.6229167
95.07LaSalle-Backus EC,K,264,95.07,"501 Riggs Rd. NE Washington, DC 20011",LaSalle-Backus EC,11,2.0450001
96.010002Ideal Academy PCS,K,127 134 205,96.010002,"6130 NORTH CAPITOL STREET NW, Washington, District of Columbia 20011",Ideal Academy PCS,8,26.783333
96.010002Thomas ES,K,325,96.010002,"650 Anacostia Ave NE Washington, DC 20019",Thomas ES,17,6.4000001
96.019997KIPP DC - Spring Academy PCS,K,129 214 214,96.019997,"1375 MOUNT OLIVET ROAD NE, Washington, District of Columbia 20002",KIPP DC - Spring Academy PCS,6,9.3458338
96.019997Thomas ES,K,325,96.019997,"650 Anacostia Ave NE Washington, DC 20019",Thomas ES,36,3.2861111
96.029999DC Prep PCS - Benning Elementary School,K,115 1110 177,96.029999,"100 41ST STREET NE, Washington, District of Columbia 20019",DC Prep PCS - Benning Elementary School,6,3.8696079
97Eagle Academy PCS - Congress Heights,K,117 195 187,97,"3400 WHEELER ROAD SE, Washington, District of Columbia 20032",Eagle Academy PCS - Congress Heights,7,3.0166667
97Hendley ES,K,249,97,"425 Chesapeake St. SE Washington, DC 20032",Hendley ES,16,3.9320512
98.010002Hendley ES,K,249,98.010002,"425 Chesapeake St. SE Washington, DC 20032",Hendley ES,8,2.9875
98.019997Early Childhood Academy PCS,K,118 138 188,98.019997,"4025 9TH STREET SE, Washington, District of Columbia 20032",Early Childhood Academy PCS,10,2.0972223
98.019997Hendley ES,K,249,98.019997,"425 Chesapeake St. SE Washington, DC 20032",Hendley ES,8,1.5305556
98.029999Simon ES,K,315,98.029999,"401 Mississippi Ave. SE Washington, DC 20032",Simon ES,18,1.8238095
"98.040001King, M.L. ES",K,344,98.040001,"3200 6th St. SE Washington, DC 20032","King, M.L. ES",12,2.1402779
98.040001Simon ES,K,315,98.040001,"401 Mississippi Ave. SE Washington, DC 20032",Simon ES,6,1.888889
98.07Leckie ES,K,266,98.07,"4201 M.L. King Ave. SW Washington, DC 20032",Leckie ES,18,1.7322917
98.07Patterson ES,K,294,98.07,"4399 South Capitol Terr. SW Washington, DC 20032",Patterson ES,13,2.6395833
98.099998Hendley ES,K,249,98.099998,"425 Chesapeake St. SE Washington, DC 20032",Hendley ES,10,3.0818181
98.099998Patterson ES,K,294,98.099998,"4399 South Capitol Terr. SW Washington, DC 20032",Patterson ES,11,2.7045455
98.110001Excel Academy PCS,K,158 1113 191,98.110001,"2501 MARTIN LUTHER KING JR AVENUE SE, Washington, District of Columbia 20020",Excel Academy PCS,6,10
98.110001Eagle Academy PCS - Congress Heights,K,117 195 187,98.110001,"3400 WHEELER ROAD SE, Washington, District of Columbia 20032",Eagle Academy PCS - Congress Heights,10,5.7433333
98.110001Hendley ES,K,249,98.110001,"425 Chesapeake St. SE Washington, DC 20032",Hendley ES,38,2.1083333
99.010002Randle Highlands ES,K,316,99.010002,"1650 30th St. SE Washington, DC 20020",Randle Highlands ES,7,3.2675438
99.019997Beers ES,K,206,99.019997,"3600 Alabama Ave. SE Washington, DC 20020",Beers ES,9,3.6519608
99.029999Arts and Technology Academy PCS,K,104 181 321,99.029999,"5300 BLAINE STREET NE, Washington, District of Columbia 20019",Arts and Technology Academy PCS,6,3.0999999
99.040001Nalle ES,K,288,99.040001,"219 50th St. SE Washington, DC 20019",Nalle ES,22,1.3111111
99.040001KIPP DC - LEAP Academy PCS,K,129 132 209,99.040001,"4801 BENNING ROAD SE, Washington, District of Columbia 20019",KIPP DC - LEAP Academy PCS,7,2.5511112
99.050003Nalle ES,K,288,99.050003,"219 50th St. SE Washington, DC 20019",Nalle ES,9,2.83125
99.050003C.W. Harris ES,K,247,99.050003,"301 53rd St. SE Washington, DC 20019",C.W. Harris ES,17,2.0701389
99.050003Eagle Academy PCS - Congress Heights,K,117 195 187,99.050003,"3400 WHEELER ROAD SE, Washington, District of Columbia 20032",Eagle Academy PCS - Congress Heights,6,19.777779
99.059998Plummer ES,K,299,99.059998,"4601 Texas Ave. SE Washington, DC 20019",Plummer ES,6,2.4444444
99.07Nalle ES,K,288,99.07,"219 50th St. SE Washington, DC 20019",Nalle ES,6,3.8530302
99.07Plummer ES,K,299,99.07,"4601 Texas Ave. SE Washington, DC 20019",Plummer ES,16,2.4681818
99.07KIPP DC - LEAP Academy PCS,K,129 132 209,99.07,"4801 BENNING ROAD SE, Washington, District of Columbia 20019",KIPP DC - LEAP Academy PCS,8,2.3848484
101Thomson ES,K,326,101,"1200 L St. NW Washington, DC 20005",Thomson ES,7,2.9541667
103Takoma EC,K,324,103,"7010 Piney Branch Rd. NW Washington, DC 20012",Takoma EC,17,2.9126985
104Imagine Southeast PCS,K,159 1116 293,104,"3100 MARTIN LUTHER KING JR AVENUE SE, Washington, District of Columbia 20032",Imagine Southeast PCS,8,2.6240001
"104King, M.L. ES",K,344,104,"3200 6th St. SE Washington, DC 20032","King, M.L. ES",23,3.7773333
104Eagle Academy PCS - Congress Heights,K,117 195 187,104,"3400 WHEELER ROAD SE, Washington, District of Columbia 20032",Eagle Academy PCS - Congress Heights,6,5.4526668
104Friendship PCS - Southeast Academy,K,120 113 197,104,"645 MILWAUKEE PLACE SE, Washington, District of Columbia 20032",Friendship PCS - Southeast Academy,6,3.4706666
105Amidon-Bowen ES,K,203,105,"401 I St. SW Washington, DC 20024",Amidon-Bowen ES,11,2.9095237
106Walker-Jones EC,K,332,106,"1125 New Jersey Ave. NW Washington, DC 20001",Walker-Jones EC,7,5.6363635
106J.O. Wilson ES,K,339,106,"660 K St. NE Washington, DC 20002",J.O. Wilson ES,14,1.9431819
109Leckie ES,K,266,109,"4201 M.L. King Ave. SW Washington, DC 20032",Leckie ES,16,3.1333334
109Patterson ES,K,294,109,"4399 South Capitol Terr. SW Washington, DC 20032",Patterson ES,17,4.2785716
111Burroughs EC,K,220,111,"1820 Monroe St. NE Washington, DC 20018",Burroughs EC,8,5.4636054
111Langdon EC,K,262,111,"1900 Evarts St. NE Washington, DC 20018",Langdon EC,18,4.0248299
111Friendship PCS - Woodridge Elementary School,K,120 365 199,111,"2959 CARLTON AVENUE NE, Washington, District of Columbia 20018",Friendship PCS - Woodridge Elementary School,15,3.6380951